{"cameraMode":{"drawMode":0,"name":"Shaded","section":"Shading Mode"},"sceneLighting":false,"audioPlay":false,"sceneViewState":{"m_AlwaysRefresh":false,"showFog":true,"showSkybox":false,"showFlares":true,"showImageEffects":true,"showParticleSystems":true,"showVisualEffectGraphs":true,"m_FxEnabled":true},"in2DMode":false,"pivot":{"x":-5.494500160217285,"y":-0.598365068435669,"z":-0.016800105571746827},"rotation":{"x":-0.0017767288954928518,"y":0.9978917837142944,"z":-0.056941937655210498,"w":-0.03114778734743595},"size":6.552425384521484,"orthographic":false}