{"cameraMode":{"drawMode":0,"name":"Shaded","section":"Shading Mode"},"sceneLighting":true,"audioPlay":false,"sceneViewState":{"m_AlwaysRefresh":false,"showFog":true,"showSkybox":false,"showFlares":true,"showImageEffects":true,"showParticleSystems":true,"showVisualEffectGraphs":true,"m_FxEnabled":false},"in2DMode":false,"pivot":{"x":-2.1967053413391115,"y":0.9514425992965698,"z":-2.220402240753174},"rotation":{"x":0.031511638313531879,"y":-0.9654038548469544,"z":0.13939215242862702,"w":0.21821081638336183},"size":2.0487446784973146,"orthographic":false}