{"cameraMode":{"drawMode":0,"name":"Shaded","section":"Shading Mode"},"sceneLighting":true,"audioPlay":false,"sceneViewState":{"m_AlwaysRefresh":false,"showFog":true,"showSkybox":false,"showFlares":true,"showImageEffects":true,"showParticleSystems":true,"showVisualEffectGraphs":true,"m_FxEnabled":true},"in2DMode":false,"pivot":{"x":0.015988649800419809,"y":0.9995841979980469,"z":1.1675844192504883},"rotation":{"x":0.0029999332036823036,"y":-0.005999939516186714,"z":0.000018015405657934025,"w":0.9999778270721436},"size":0.8660253882408142,"orthographic":false}