{"cameraMode":{"drawMode":0,"name":"Shaded","section":"Shading Mode"},"sceneLighting":false,"audioPlay":false,"sceneViewState":{"m_AlwaysRefresh":false,"showFog":true,"showSkybox":false,"showFlares":true,"showImageEffects":true,"showParticleSystems":true,"showVisualEffectGraphs":true,"m_FxEnabled":true},"in2DMode":false,"pivot":{"x":0.6104949712753296,"y":2.1286416053771974,"z":0.2709004878997803},"rotation":{"x":0.1313450187444687,"y":-0.8037110567092896,"z":0.19285112619400025,"w":0.5473710298538208},"size":2.455251693725586,"orthographic":true}